[
  {
    "name": {
      "en": "United Kingdom",
      "fr": "Royaume Uni",
      "es": "Reino Unido",
      "ca": "Regne Unit",
      "de": "Großbritannien",
      "cn": "英国",
      "pt": "Reino Unido",
      "it": "Regno Unito",
      "tr": "Birleşik Krallık",
      "nl": "Verenigd Koninkrijk",
      "el": "Ηνωμένο Βασίλειο"
    },
    "capital": "London",
    "area": 242495,
    "currency": "GBP"
  },
  {
    "name": {
      "en": "Afghanistan",
      "fr": "Afghanistan",
      "es": "Afganistán",
      "ca": "Afganistan",
      "de": "Afghanistan",
      "cn": "阿富汗",
      "pt": "Afeganistão",
      "it": "Afghanistan",
      "tr": "Afganistan",
      "nl": "Afghanistan",
      "el": "Αφγανιστάν"
    },
    "capital": "Kabul",
    "area": 652230,
    "currency": "AFN"
  },
  {
    "name": {
      "en": "Åland Islands",
      "fr": "Îles Åland",
      "es": "Åland",
      "ca": "Illes Åland",
      "cn": "奥兰",
      "pt": "Ilhas Åland",
      "it": "Isole Åland",
      "tr": "Aland Adaları",
      "nl": "Åland Eilanden",
      "el": "Νησιά Åland"
    },
    "capital": "Mariehamn",
    "area": 1580,
    "currency": "EUR"
  },
  {
    "name": {
      "en": "Albania",
      "fr": "Albanie",
      "es": "Albania",
      "ca": "Albània",
      "de": "Albanien",
      "cn": "阿尔巴尼亚",
      "pt": "Albânia",
      "it": "Albania",
      "tr": "Arnavutluk",
      "nl": "Albanië",
      "el": "Αλβανία"
    },
    "capital": "Tirana",
    "area": 28748,
    "currency": "ALL"
  },
  {
    "name": {
      "en": "Algeria",
      "fr": "Algérie",
      "es": "Argelia",
      "ca": "Algèria",
      "de": "Algerien",
      "cn": "阿尔及利亚",
      "pt": "Argélia",
      "it": "Algeria",
      "tr": "Cezair",
      "nl": "Algerije",
      "el": "Αλγερία"
    },
    "capital": "Algiers",
    "area": 2381741,
    "currency": "DZD"
  },
  {
    "name": {
      "en": "American Samoa",
      "fr": "Samoa américaines",
      "es": "Samoa Americana",
      "ca": "Samoa Nord-americana",
      "cn": "美属萨摩亚",
      "pt": "Samoa Americana",
      "it": "Samoa Americane",
      "tr": "Amerikan Samoası",
      "nl": "Amerikaans Samoa",
      "el": "Αφρικανική Σαμόα"
    },
    "capital": "Pago Pago",
    "area": 199,
    "currency": "USD"
  },
  {
    "name": {
      "en": "Andorra",
      "fr": "Andorre",
      "es": "Andorra",
      "ca": "Andorra",
      "de": "Andorra",
      "cn": "安道尔",
      "pt": "Andorra",
      "it": "Andorra",
      "tr": "Andorra",
      "nl": "Andorra",
      "el": "Ανδόρρα"
    },
    "capital": "Andorra la Vella",
    "area": 468,
    "currency": "EUR"
  },
  {
    "name": {
      "en": "Angola",
      "fr": "Angola",
      "es": "Angola",
      "ca": "Angola",
      "de": "Angola",
      "cn": "安哥拉",
      "pt": "Angola",
      "it": "Angola",
      "tr": "Angora",
      "nl": "Angola",
      "el": "Ανγκόλα"

    },
    "capital": "Luanda",
    "area": 1246700,
    "currency": "AOA"
  },
  {
    "name": {
      "en": "Anguilla",
      "fr": "Anguilla",
      "es": "Anguila",
      "ca": "Anguilla",
      "cn": "安圭拉",
      "pt": "Anguilla",
      "it": "Anguilla",
      "tr": "Anguilla",
      "nl": "Anguilla",
      "el": "Ανγκουίλα"
    },
    "capital": "The Valley",
    "area": 91,
    "currency": "XCD"
  },
  {
    "name": {
      "en": "Antarctica",
      "fr": "Antarctique",
      "es": "Antártida",
      "ca": "Antàrtida",
      "cn": "南极洲",
      "pt": "Antártida",
      "it": "Antartide",
      "tr": "Antartika",
      "nl": "Antartica",
      "el": "Ανταρκτική"
    },
    "capital": "",
    "area": 14000000,
    "currency": "nil"
  },
  {
    "name": {
      "en": "Antigua and Barbuda",
      "fr": "Antigua et Barbuda",
      "es": "Antigua y Barbuda",
      "ca": "Antigua i Barbuda",
      "de": "Antigua und Barbuda",
      "cn": "安地卡及巴布達",
      "pt": "Antígua e Barbuda",
      "it": "Antigua e Barbuda",
      "tr": "Antigua ve Barbuda",
      "nl": "Antigua en Barbuda",
      "el": "Αντίγκουα και Μπαρμπούντα"
    },
    "capital": "Saint John's",
    "area": 442,
    "currency": "XCD"
  },
  {
    "name": {
      "en": "Argentina",
      "fr": "Argentine",
      "es": "Argentina",
      "ca": "Argentina",
      "de": "Argentinien",
      "cn": "阿根廷",
      "pt": "Argentina",
      "it": "Argentina",
      "tr": "Arjantin",
      "nl": "Argentinië",
      "el": "Αργεντινή"
    },
    "capital": "Buenos Aires",
    "area": 2780400,
    "currency": "ARS"
  },
  {
    "name": {
      "en": "Armenia",
      "fr": "Arménie",
      "es": "Armenia",
      "ca": "Armènia",
      "de": "Armenien",
      "cn": "亞美尼亞",
      "pt": "Armênia",
      "it": "Armenia",
      "tr": "Ermenistan",
      "nl": "Armenië",
      "el": "Αρμενία"
    },
    "capital": "Yerevan",
    "area": 29743,
    "currency": "AMD"
  },
  {
    "name": {
      "en": "Aruba",
      "fr": "Aruba",
      "es": "Aruba",
      "ca": "Aruba",
      "cn": "阿鲁巴",
      "pt": "Aruba",
      "it": "Aruba",
      "tr": "Aruba",
      "nl": "Aruba",
      "el": "Αρούμπα"
    },
    "capital": "Oranjestad",
    "area": 180,
    "currency": "AWG"
  },
  {
    "name": {
      "en": "Australia",
      "fr": "Australie",
      "es": "Australia",
      "ca": "Austràlia",
      "de": "Australien",
      "cn": "澳大利亚",
      "pt": "Austrália",
      "it": "Australia",
      "tr": "Avustralya",
      "nl": "Australië",
      "el": "Αυστραλία"
    },
    "capital": "Canberra",
    "area": 7692024,
    "currency": "AUD"
  },
  {
    "name": {
      "en": "Austria",
      "fr": "Autriche",
      "es": "Austria",
      "ca": "Àustria",
      "de": "Österreich",
      "cn": "奥地利",
      "pt": "Áustria",
      "it": "Austria",
      "tr": "Avusturya",
      "nl": "Oostenrijk",
      "el": "Αυστρία"
    },
    "capital": "Vienna",
    "area": 83871,
    "currency": "EUR"
  },
  {
    "name": {
      "en": "Azerbaijan",
      "fr": "Azerbaïdjan",
      "es": "Azerbaiyán",
      "ca": "Azerbaidjan",
      "de": "Aserbaidschan",
      "cn": "阿塞拜疆",
      "pt": "Azerbaijão",
      "it": "Azerbaigian",
      "tr": "Azerbaycan",
      "nl": "Azerbeijan",
      "el": "Αζερμπαϊτζάν"
    },
    "capital": "Baku",
    "area": 86600,
    "currency": "AZN"
  },
  {
    "name": {
      "en": "Bahamas",
      "fr": "Bahamas",
      "es": "Bahamas",
      "ca": "Bahames",
      "de": "Bahamas",
      "cn": "巴哈马",
      "pt": "Bahamas",
      "it": "Bahamas",
      "tr": "Bahamalar",
      "nl": "Bahamas",
      "el": "Μπαχάμες"
    },
    "capital": "Nassau",
    "area": 13943,
    "currency": "BSD"
  },
  {
    "name": {
      "en": "Bahrain",
      "fr": "Bahreïn",
      "es": "Baréin",
      "ca": "Bahrain",
      "de": "Bahrain",
      "cn": "巴林",
      "pt": "Bahrein",
      "it": "Bahrein",
      "tr": "Bahreyn",
      "nl": "Bahrein",
      "el": "Μπαχρέιν"
    },
    "capital": "Manama",
    "area": 765,
    "currency": "BHD"
  },
  {
    "name": {
      "en": "Bangladesh",
      "fr": "Bangladesh",
      "es": "Bangladés",
      "ca": "Bangla Desh",
      "de": "Bangladesch",
      "cn": "孟加拉国",
      "pt": "Bangladesh",
      "it": "Bangladesh",
      "tr": "Bangladeş",
      "nl": "Bangladesh",
      "el": "Μπαγκλαντές"
    },
    "capital": "Dhaka",
    "area": 147570,
    "currency": "BDT"
  },
  {
    "name": {
      "en": "Barbados",
      "fr": "Barbade",
      "es": "Barbados",
      "ca": "Barbados",
      "de": "Barbados",
      "cn": "巴巴多斯",
      "pt": "Barbados",
      "it": "Barbados",
      "tr": "Barbados",
      "nl": "Barbados",
      "el": "Μπαρμπέιντος"
    },
    "capital": "Bridgetown",
    "area": 430,
    "currency": "BBD"
  },
  {
    "name": {
      "en": "Belarus",
      "fr": "Biélorussie",
      "es": "Bielorrusia",
      "ca": "Belarús",
      "de": "Weißrussland",
      "cn": "白俄羅斯",
      "pt": "Bielorrússia",
      "it": "Bielorussia",
      "tr": "Belarus",
      "nl": "Belarus",
      "el": "Λευκορωσία"
    },
    "capital": "Minsk",
    "area": 207600,
    "currency": "BYN"
  },
  {
    "name": {
      "en": "Belgium",
      "fr": "Belgique",
      "es": "Bélgica",
      "ca": "Bèlgica",
      "de": "Belgien",
      "cn": "比利時",
      "pt": "Bélgica",
      "it": "Belgio",
      "tr": "Belçika",
      "nl": "België",
      "el": "Βέλγιο"
    },
    "capital": "Brussels",
    "area": 30528,
    "currency": "EUR"
  },
  {
    "name": {
      "en": "Belize",
      "fr": "Belize",
      "es": "Belice",
      "ca": "Belize",
      "de": "Belize",
      "cn": "伯利兹",
      "pt": "Belize",
      "it": "Belize",
      "tr": "Belize",
      "nl": "Belize",
      "el": "Μπελίζ"
    },
    "capital": "Belmopan",
    "area": 22966,
    "currency": "BZD"
  },
  {
    "name": {
      "en": "Benin",
      "fr": "Bénin",
      "es": "Benín",
      "ca": "Benín",
      "de": "Benin",
      "cn": "贝宁",
      "pt": "Benim",
      "it": "Benin",
      "tr": "Benin",
      "nl": "Benin",
      "el": "Μπενίν"
    },
    "capital": "Porto Novo",
    "area": 112622,
    "currency": "XOF"
  },
  {
    "name": {
      "en": "Bermuda",
      "fr": "Bermudes",
      "es": "Bermudas",
      "ca": "Bermudes",
      "cn": "百慕大",
      "pt": "Bermudas",
      "it": "Bermuda",
      "tr": "Bermuda",
      "nl": "Bermuda",
      "el": "Μπερμούντα"
    },
    "capital": "Hamilton",
    "area": 54,
    "currency": "BMD"
  },
  {
    "name": {
      "en": "Bhutan",
      "fr": "Bhoutan",
      "es": "Bután",
      "ca": "Bhutan",
      "de": "Bhutan",
      "cn": "不丹",
      "pt": "Butão",
      "it": "Bhutan",
      "tr": "Butan",
      "nl": "Bhutan",
      "el": "Μπουτάν"
    },
    "capital": "Thimphu",
    "area": 38394,
    "currency": "BTN"
  },
  {
    "name": {
      "en": "Bosnia and Herzegovina",
      "fr": "Bosnie Herzégovine",
      "es": "Bosnia y Herzegovina",
      "ca": "Bòsnia i Hercegovina",
      "de": "Bosnien und Herzegowina",
      "cn": "波黑",
      "pt": "Bósnia e Herzegovina",
      "it": "Bosnia ed Erzegovina",
      "tr": "Bosna Hersek",
      "nl": "Bosnië en Herzegovina",
      "el": "Βοσνία και Ερζεγοβίνη"
    },
    "capital": "Sarajevo",
    "area": 51209,
    "currency": "BAM"
  },
  {
    "name": {
      "en": "Botswana",
      "fr": "Botswana",
      "es": "Botsuana",
      "ca": "Botswana",
      "de": "Botswana",
      "cn": "博茨瓦纳",
      "pt": "Botswana",
      "it": "Botswana",
      "tr": "Botsvana",
      "nl": "Botswana",
      "el": "Μποτσουάνα"
    },
    "capital": "Gaborone",
    "area": 582000,
    "currency": "BWP"
  },
  {
    "name": {
      "en": "Bouvet Island",
      "fr": "Île Bouvet",
      "es": "Isla Bouvet",
      "cn": "布韦岛",
      "pt": "Ilha Bouvet",
      "it": "Isola Bouvet",
      "tr": "Bouvet Adası",
      "nl": "Bouvet IJland",
      "el": "Νησί Μπουβέ"
    },
    "capital": "",
    "area": 49,
    "currency": "NOK"
  },
  {
    "name": {
      "en": "Brazil",
      "fr": "Brésil",
      "es": "Brasil",
      "ca": "Brasil",
      "de": "Brasilien",
      "cn": "巴西",
      "pt": "Brasil",
      "it": "Brasile",
      "tr": "Brezilya",
      "nl": "Brazilië",
      "el": "Βραζιλία"
    },
    "capital": "Brasília",
    "area": 8515767,
    "currency": "BRL"
  },
  {
    "name": {
      "en": "British Indian Ocean Territory",
      "fr": "Territoire britannique de l'océan Indien",
      "es": "Territorio Británico del Océano Índico",
      "ca": "Territori Britànic de l’Oceà Índic",
      "cn": "英屬印度洋領地",
      "pt": "Território Britânico do Oceano Índico",
      "it": "Territorio britannico dell'Oceano Indiano",
      "tr": "Britanya Hint Okyanusu Toprakları",
      "nl": "Brits-Indisch oceaan territorium",
      "el": "Βρετανικά Εδάφη Ινδικού Ωκεανού"
    },
    "capital": "Diego Garcia",
    "area": 60,
    "currency": "USD"
  },
  {
    "name": {
      "en": "Bulgaria",
      "fr": "Bulgarie",
      "es": "Bulgaria",
      "ca": "Bulgària",
      "de": "Bulgarien",
      "cn": "保加利亚",
      "pt": "Bulgária",
      "it": "Bulgaria",
      "tr": "Bulgaristan",
      "nl": "Bulgarije",
      "el": "Βουλγαρία"
    },
    "capital": "Sofia",
    "area": 110879,
    "currency": "BGN"
  },
  {
    "name": {
      "en": "Burkina Faso",
      "fr": "Burkina Faso",
      "es": "Burkina Faso",
      "ca": "Burkina Faso",
      "de": "Burkina Faso",
      "cn": "布吉納法索",
      "pt": "Burkina Faso",
      "it": "Burkina Faso",
      "tr": "Burkina Faso",
      "nl": "Burkina Faso",
      "el": "Μπουρκίνα Φάσο"
    },
    "capital": "Ouagadougou",
    "area": 272967,
    "currency": "XOF"
  },
  {
    "name": {
      "en": "Burundi",
      "fr": "Burundi",
      "es": "Burundi",
      "ca": "Burundi",
      "de": "Burundi",
      "cn": "布隆迪",
      "pt": "Burundi",
      "it": "Burundi",
      "tr": "Burundi",
      "nl": "Burundi",
      "el": "Μπουρούντι"
    },
    "capital": "Bujumbura",
    "area": 27834,
    "currency": "BIF"
  },
  {
    "name": {
      "en": "Cambodia",
      "fr": "Cambodge",
      "es": "Camboya",
      "ca": "Cambodja",
      "de": "Kambodscha",
      "cn": "柬埔寨",
      "pt": "Camboja",
      "it": "Cambogia",
      "tr": "Kamboçya",
      "nl": "Combodja",
      "el": "Καμπότζη"
    },
    "capital": "Phnom Penh",
    "area": 181035,
    "currency": "KHR"
  },
  {
    "name": {
      "en": "Cameroon",
      "fr": "Cameroun",
      "es": "Camerún",
      "ca": "Camerun",
      "de": "Kamerun",
      "cn": "喀麦隆",
      "pt": "Camarões",
      "it": "Camerun",
      "tr": "Kamerun",
      "nl": "Kameroen",
      "el": "Καμερούν"
    },
    "capital": "Yaoundé",
    "area": 475442,
    "currency": "XAF"
  },
  {
    "name": {
      "en": "Canada",
      "fr": "Canada",
      "es": "Canadá",
      "ca": "Canadà",
      "de": "Kanada",
      "cn": "加拿大",
      "pt": "Canadá",
      "it": "Canada",
      "tr": "Kanada",
      "nl": "Canada",
      "el": "Καναδάς"
    },
    "capital": "Ottawa",
    "area": 9984670,
    "currency": "CAD"
  },
  {
    "name": {
      "en": "Cayman Islands",
      "fr": "Îles Caïmans",
      "es": "Islas Caimán",
      "ca": "Illes Caiman",
      "cn": "开曼群岛",
      "pt": "Ilhas Cayman",
      "it": "Isole Cayman",
      "tr": "Cayman Adaları",
      "nl": "Kaaiman eilanden",
      "el": "Νήσοι Κέιμαν"
    },
    "capital": "George Town",
    "area": 264,
    "currency": "KYD"
  },
  {
    "name": {
      "en": "Central African Republic",
      "fr": "République centrafricaine",
      "es": "República Centroafricana",
      "ca": "República Centreafricana",
      "de": "Zentral­afrikanische Republik",
      "cn": "中非",
      "pt": "República Centro-Africana",
      "it": "Rep. Centrafricana",
      "tr": "Orta Afrika Cumhuriyeti",
      "nl": "Centraal-Afrikaanse republiek",
      "el": "Κεντροαφρικανική Δημοκρατία"
    },
    "capital": "Bangui",
    "area": 622984,
    "currency": "XAF"
  },
  {
    "name": {
      "en": "Chad",
      "fr": "Tchad",
      "es": "Chad",
      "ca": "Txad",
      "de": "Tschad",
      "cn": "乍得",
      "pt": "Chade",
      "it": "Ciad",
      "tr": "Çad",
      "nl": "Tsjaad",
      "el": "Τσαντ"
    },
    "capital": "N'Djamena",
    "area": 1284000,
    "currency": "XAF"
  },
  {
    "name": {
      "en": "Chile",
      "fr": "Chili",
      "es": "Chile",
      "ca": "Xile",
      "de": "Chile",
      "cn": "智利",
      "pt": "Chile",
      "it": "Cile",
      "tr": "Şili",
      "nl": "Chili",
      "el": "Χιλή"
    },
    "capital": "Santiago",
    "area": 756102,
    "currency": "CLP"
  },
  {
    "name": {
      "en": "China",
      "fr": "Chine",
      "es": "China",
      "ca": "Xina",
      "de": "Volksrepublik China",
      "cn": "中国",
      "pt": "China",
      "it": "Cina",
      "tr": "Çin",
      "nl": "China",
      "el": "Κίνα"
    },
    "capital": "Beijing",
    "area": 9706961,
    "currency": "CNY"
  },
  {
    "name": {
      "en": "Christmas Island",
      "fr": "Île Christmas",
      "es": "Isla de Navidad",
      "ca": "Illa Christmas",
      "cn": "圣诞岛",
      "pt": "Ilha do Natal",
      "it": "Isola di Natale",
      "tr": "Noel Adası",
      "nl": "Kerst eiland",
      "el": "Νήσος των Χριστουγέννων"
    },
    "capital": "Flying Fish Cove",
    "area": 135,
    "currency": "AUD"
  },
  {
    "name": {
      "en": "Cocos (Keeling) Islands",
      "fr": "Îles Cocos",
      "es": "Islas Cocos",
      "ca": "Illes Cocos",
      "cn": "科科斯（基林）群島",
      "pt": "Ilhas Cocos (Keeling)",
      "it": "Isole Cocos (Keeling)",
      "tr": "Cocos (Keeling) Adaları",
      "nl": "Kokos eilanden",
      "el": "Νησιά Κόκος"
    },
    "capital": "West Island",
    "area": 14,
    "currency": "AUD"
  },
  {
    "name": {
      "en": "Colombia",
      "fr": "Colombie",
      "es": "Colombia",
      "ca": "Colòmbia",
      "de": "Kolumbien",
      "cn": "哥伦比亚",
      "pt": "Colômbia",
      "it": "Colombia",
      "tr": "Kolombiya",
      "nl": "Colombië",
      "el": "Κολομβία"
    },
    "capital": "Bogotá",
    "area": 1141748,
    "currency": "COP"
  },
  {
    "name": {
      "en": "Comoros",
      "fr": "Comores (pays)",
      "es": "Comoras",
      "ca": "Comores",
      "de": "Komoren",
      "cn": "科摩罗",
      "pt": "Comores",
      "it": "Comore",
      "tr": "Komorlar",
      "nl": "Comoren",
      "el": "Κομόρες"
    },
    "capital": "Moroni",
    "area": 1862,
    "currency": "KMF"
  },
  {
    "name": {
      "en": "Cook Islands",
      "fr": "Îles Cook",
      "es": "Islas Cook",
      "ca": "Illes Cook",
      "cn": "庫克群島",
      "pt": "Ilhas Cook",
      "it": "Isole Cook",
      "tr": "Cook Adaları",
      "nl": "Cook eilanden",
      "el": "Νήσοι Κούκ"
    },
    "capital": "Avarua",
    "area": 236,
    "currency": "NZD"
  },
  {
    "name": {
      "en": "Costa Rica",
      "fr": "Costa Rica",
      "es": "Costa Rica",
      "ca": "Costa Rica",
      "de": "Costa Rica",
      "cn": "哥斯达黎加",
      "pt": "Costa Rica",
      "it": "Costa Rica",
      "tr": "Kosta Rika",
      "nl": "Costa Rica",
      "el": "Κόστα Ρίκα"
    },
    "capital": "San José",
    "area": 51100,
    "currency": "CRC"
  },
  {
    "name": {
      "en": "Croatia",
      "fr": "Croatie",
      "es": "Croacia",
      "ca": "Croàcia",
      "de": "Kroatien",
      "cn": "克罗地亚",
      "pt": "Croácia",
      "it": "Croazia",
      "tr": "Hırvatistan",
      "nl": "Kroatië",
      "el": "Κροατία"
    },
    "capital": "Zagreb",
    "area": 56594,
    "currency": "HRK"
  },
  {
    "name": {
      "en": "Cuba",
      "fr": "Cuba",
      "es": "Cuba",
      "ca": "Cuba",
      "de": "Kuba",
      "cn": "古巴",
      "pt": "Cuba",
      "it": "Cuba",
      "tr": "Küba",
      "nl": "Cuba",
      "el": "Κούβα"
    },
    "capital": "Havana",
    "area": 109884,
    "currency": "CUC"
  },
  {
    "name": {
      "en": "Curaçao",
      "fr": "Curaçao",
      "es": "Curazao",
      "ca": "Curaçao",
      "cn": "库拉索",
      "pt": "Curaçao",
      "it": "Curaçao",
      "tr": "Curaçao",
      "nl": "Curaçao",
      "el": "Κουρασάο"
    },
    "capital": "Willemstad",
    "area": 444,
    "currency": "ANG"
  },
  {
    "name": {
      "en": "Cyprus",
      "fr": "Chypre",
      "es": "Chipre",
      "ca": "Xipre",
      "de": "Zypern",
      "cn": "賽普勒斯",
      "pt": "Chipre",
      "it": "Cipro",
      "tr": "Kıbrıs",
      "nl": "Cyprus",
      "el": "Κύπρος"
    },
    "capital": "Nicosia",
    "area": 9251,
    "currency": "EUR"
  },
  {
    "name": {
      "en": "Czechia",
      "fr": "Tchéquie",
      "es": "República Checa",
      "ca": "Txèquia",
      "de": "Tschechien",
      "cn": "捷克",
      "pt": "Chéquia",
      "it": "Rep. Ceca",
      "tr": "Çekya",
      "nl": "Tsjechië",
      "el": "Τσεχία"
    },
    "capital": "Prague",
    "area": 78865,
    "currency": "CZK"
  },
  {
    "name": {
      "en": "Denmark",
      "fr": "Danemark",
      "es": "Dinamarca",
      "ca": "Dinamarca",
      "de": "Dänemark",
      "cn": "丹麥",
      "pt": "Dinamarca",
      "it": "Danimarca",
      "tr": "Danimarka",
      "nl": "Denemarken",
      "el": "Δανία"
    },
    "capital": "Copenhagen",
    "area": 43094,
    "currency": "DKK"
  },
  {
    "name": {
      "en": "Djibouti",
      "fr": "Djibouti",
      "es": "Yibuti",
      "ca": "Djibouti",
      "de": "Dschibuti",
      "cn": "吉布提",
      "pt": "Djibouti",
      "it": "Gibuti",
      "tr": "Cibuti",
      "nl": "Djibouti",
      "el": "Τζιμπουτί"
    },
    "capital": "Djibouti",
    "area": 23200,
    "currency": "DJF"
  },
  {
    "name": {
      "en": "Dominica",
      "fr": "Dominique",
      "es": "Dominica",
      "ca": "Dominica",
      "de": "Dominica",
      "cn": "多米尼克",
      "pt": "Dominica",
      "it": "Dominica",
      "tr": "Dominika",
      "nl": "Dominika",
      "el": "Δομήνικος"
    },
    "capital": "Roseau",
    "area": 751,
    "currency": "XCD"
  },
  {
    "name": {
      "en": "Dominican Republic",
      "fr": "République dominicaine",
      "es": "República Dominicana",
      "ca": "República Dominicana",
      "de": "Dominikanische Republik",
      "cn": "多米尼加",
      "pt": "República Dominicana",
      "it": "Rep. Dominicana",
      "tr": "Dominik Cumhuriyeti",
      "nl": "Dominikaanse republiek",
      "el": "Δομηνικανή Δημοκρατία"
    },
    "capital": "Santo Domingo",
    "area": 48671,
    "currency": "DOP"
  },
  {
    "name": {
      "en": "Ecuador",
      "fr": "Équateur (pays)",
      "es": "Ecuador",
      "ca": "Equador",
      "de": "Ecuador",
      "cn": "厄瓜多尔",
      "pt": "Equador",
      "it": "Ecuador",
      "tr": "Ekvador",
      "nl": "Equador",
      "el": "Εκουαδόρ"
    },
    "capital": "Quito",
    "area": 276841,
    "currency": "USD"
  },
  {
    "name": {
      "en": "Egypt",
      "fr": "Égypte",
      "es": "Egipto",
      "ca": "Egipte",
      "de": "Ägypten",
      "cn": "埃及",
      "pt": "Egito",
      "it": "Egitto",
      "tr": "Mısır",
      "nl": "Egypte",
      "el": "Αίγυπτος"
    },
    "capital": "Cairo",
    "area": 1002450,
    "currency": "EGP"
  },
  {
    "name": {
      "en": "El Salvador",
      "fr": "Salvador",
      "es": "El Salvador",
      "ca": "El Salvador",
      "de": "El Salvador",
      "cn": "薩爾瓦多",
      "pt": "El Salvador",
      "it": "El Salvador",
      "tr": "El Salvador",
      "nl": "El Salvador",
      "el": "Ελ Σαλβαδόρ"
    },
    "capital": "San Salvador",
    "area": 21041,
    "currency": "SVC"
  },
  {
    "name": {
      "en": "Equatorial Guinea",
      "fr": "Guinée équatoriale",
      "es": "Guinea Ecuatorial",
      "ca": "Guinea Equatorial",
      "de": "Äquatorialguinea",
      "cn": "赤道几内亚",
      "pt": "Guiné Equatorial",
      "it": "Guinea Equatoriale",
      "tr": "Ekvator Ginesi",
      "nl": "Guinea",
      "el": "Γουινέα"
    },
    "capital": "Malabo",
    "area": 28051,
    "currency": "XAF"
  },
  {
    "name": {
      "en": "Eritrea",
      "fr": "Érythrée",
      "es": "Eritrea",
      "ca": "Eritrea",
      "de": "Eritrea",
      "cn": "厄立特里亚",
      "pt": "Eritreia",
      "it": "Eritrea",
      "tr": "Eritre",
      "nl": "Eritrea",
      "el": "Ερυθραία"
    },
    "capital": "Asmara",
    "area": 117600,
    "currency": "ERN"
  },
  {
    "name": {
      "en": "Estonia",
      "fr": "Estonie",
      "es": "Estonia",
      "ca": "Estònia",
      "de": "Estland",
      "cn": "爱沙尼亚",
      "pt": "Estónia",
      "it": "Estonia",
      "tr": "Estonya",
      "nl": "Estland",
      "el": "Εσθονία"
    },
    "capital": "Tallinn",
    "area": 45227,
    "currency": "EUR"
  },
  {
    "name": {
      "en": "Eswatini",
      "fr": "Eswatini",
      "es": "Suazilandia",
      "ca": "eSwatini",
      "de": "Swasiland",
      "cn": "斯威士兰",
      "pt": "Essuatíni",
      "it": "Swaziland",
      "tr": "Svaziland",
      "nl": "Swasiland",
      "el": "Σουαζιλάνδη"
    },
    "capital": "Lobamba",
    "area": 17364,
    "currency": "SZL"
  },
  {
    "name": {
      "en": "Ethiopia",
      "fr": "Éthiopie",
      "es": "Etiopía",
      "ca": "Etiòpia",
      "de": "Äthiopien",
      "cn": "衣索比亞",
      "pt": "Etiópia",
      "it": "Etiopia",
      "tr": "Etiyopya",
      "nl": "Ethiopië",
      "el": "Αιθιοπία"
    },
    "capital": "Addis Ababa",
    "area": 1104300,
    "currency": "ETB"
  },
  {
    "name": {
      "en": "Faroe Islands",
      "fr": "Îles Féroé",
      "es": "Islas Feroe",
      "ca": "Illes Fèroe",
      "cn": "法罗群岛",
      "pt": "Ilhas Feroé",
      "it": "Fær Øer",
      "tr": "Faroe Adaları",
      "nl": "Faroë eilanden",
      "el": "Νήσοι Φερόες"
    },
    "capital": "Tórshavn",
    "area": 1393,
    "currency": "DKK"
  },
  {
    "name": {
      "en": "Fiji",
      "fr": "Fidji",
      "es": "Fiyi",
      "ca": "Fiji",
      "de": "Fidschi",
      "cn": "斐济",
      "pt": "Fiji",
      "it": "Figi",
      "tr": "Fiji",
      "nl": "Fiji",
      "el": "Φίτζι"
    },
    "capital": "Suva",
    "area": 18272,
    "currency": "FJD"
  },
  {
    "name": {
      "en": "Finland",
      "fr": "Finlande",
      "es": "Finlandia",
      "ca": "Finlàndia",
      "de": "Finnland",
      "cn": "芬兰",
      "pt": "Finlândia",
      "it": "Finlandia",
      "tr": "Finlandiya",
      "nl": "Finland",
      "el": "Φινλαδία"
    },
    "capital": "Helsinki",
    "area": 338424,
    "currency": "EUR"
  },
  {
    "name": {
      "en": "France",
      "fr": "France",
      "es": "Francia",
      "ca": "França",
      "de": "Frankreich",
      "cn": "法國",
      "pt": "França",
      "it": "Francia",
      "tr": "Fransa",
      "nl": "Frankrijk",
      "el": "Γαλλία"
    },
    "capital": "Paris",
    "area": 551695,
    "currency": "EUR"
  },
  {
    "name": {
      "en": "French Guiana",
      "fr": "Guyane",
      "es": "Guayana Francesa",
      "ca": "Guaiana Francesa",
      "cn": "法属圭亚那",
      "pt": "Guiana Francesa",
      "it": "Guyana francese",
      "tr": "Fransız Guyanası",
      "nl": "Frans Guinea",
      "el": "Γαλλική Γουιάνα"
    },
    "capital": "Cayenne",
    "area": 83534,
    "currency": "EUR"
  },
  {
    "name": {
      "en": "French Polynesia",
      "fr": "Polynésie française",
      "es": "Polinesia Francesa",
      "ca": "Polinèsia Francesa",
      "cn": "法屬玻里尼西亞",
      "pt": "Polinésia Francesa",
      "it": "Polinesia francese",
      "tr": "Fransız Polinezyası",
      "nl": "Frans Polinesië",
      "el": "Γαλλική Πολυνησία"
    },
    "capital": "Papeetē",
    "area": 4167,
    "currency": "XPF"
  },
  {
    "name": {
      "en": "Gabon",
      "fr": "Gabon",
      "es": "Gabón",
      "ca": "Gabon",
      "de": "Gabun",
      "cn": "加彭",
      "pt": "Gabão",
      "it": "Gabon",
      "tr": "Gabon",
      "nl": "Gabon",
      "el": "Γκαμπόν"
    },
    "capital": "Libreville",
    "area": 267668,
    "currency": "XAF"
  },
  {
    "name": {
      "en": "Gambia",
      "fr": "Gambie",
      "es": "Gambia",
      "ca": "Gàmbia",
      "de": "Gambia",
      "cn": "冈比亚",
      "pt": "Gâmbia",
      "it": "Gambia",
      "tr": "Gambiya",
      "nl": "Gambia",
      "el": "Γκάμπια"
    },
    "capital": "Banjul",
    "area": 10689,
    "currency": "GMD"
  },
  {
    "name": {
      "en": "Georgia",
      "fr": "Géorgie (pays)",
      "es": "Georgia",
      "ca": "Geòrgia",
      "de": "Georgien",
      "cn": "格鲁吉亚",
      "pt": "Geórgia",
      "it": "Georgia",
      "tr": "Gürcistan",
      "nl": "Georgië",
      "el": "Γεωργία"
    },
    "capital": "Tbilisi",
    "area": 69700,
    "currency": "GEL"
  },
  {
    "name": {
      "en": "Germany",
      "fr": "Allemagne",
      "es": "Alemania",
      "ca": "Alemanya",
      "de": "Deutschland",
      "cn": "德國",
      "pt": "Alemanha",
      "it": "Germania",
      "tr": "Almanya",
      "nl": "Duitsland",
      "el": "Γερμανία"
    },
    "capital": "Berlin",
    "area": 357114,
    "currency": "EUR"
  },
  {
    "name": {
      "en": "Ghana",
      "fr": "Ghana",
      "es": "Ghana",
      "ca": "Ghana",
      "de": "Ghana",
      "cn": "加纳",
      "pt": "Gana",
      "it": "Ghana",
      "tr": "Gana",
      "nl": "Ghana",
      "el": "Γκάνα"
    },
    "capital": "Accra",
    "area": 238533,
    "currency": "GHS"
  },
  {
    "name": {
      "en": "Gibraltar",
      "fr": "Gibraltar",
      "es": "Gibraltar",
      "ca": "Gibraltar",
      "cn": "直布罗陀",
      "pt": "Gibraltar",
      "it": "Gibilterra",
      "tr": "Cebelitarık",
      "nl": "Gibraltar",
      "el": "Γιβραλτάρ"
    },
    "capital": "Gibraltar",
    "area": 6,
    "currency": "GIP"
  },
  {
    "name": {
      "en": "Greece",
      "fr": "Grèce",
      "es": "Grecia",
      "ca": "Grècia",
      "de": "Griechenland",
      "cn": "希臘",
      "pt": "Grécia",
      "it": "Grecia",
      "tr": "Yunanistan",
      "nl": "Griekenland",
      "el": "Ελλάδα"
    },
    "capital": "Athens",
    "area": 131990,
    "currency": "EUR"
  },
  {
    "name": {
      "en": "Greenland",
      "fr": "Groenland",
      "es": "Groenlandia",
      "ca": "Grenlàndia",
      "cn": "格陵兰",
      "pt": "Gronelândia",
      "it": "Groenlandia",
      "tr": "Grönland",
      "nl": "Groenland",
      "el": "Γροιλανδία"
    },
    "capital": "Nuuk",
    "area": 2166086,
    "currency": "DKK"
  },
  {
    "name": {
      "en": "Grenada",
      "fr": "Grenade (pays)",
      "es": "Granada",
      "ca": "Grenada",
      "de": "Grenada",
      "cn": "格瑞那達",
      "pt": "Granada",
      "it": "Grenada",
      "tr": "Grenada",
      "nl": "Grenada",
      "el": "Γρενάδα"
    },
    "capital": "St. George's",
    "area": 344,
    "currency": "XCD"
  },
  {
    "name": {
      "en": "Guadeloupe",
      "fr": "Guadeloupe",
      "es": "Guadalupe",
      "ca": "Guadeloupe",
      "cn": "瓜德罗普",
      "pt": "Guadalupe",
      "it": "Guadalupa",
      "tr": "Guadeloupe",
      "nl": "Guadaloupe",
      "el": "Γουαδελούπη"
    },
    "capital": "Basse Terre",
    "area": 1628,
    "currency": "EUR"
  },
  {
    "name": {
      "en": "Guam",
      "fr": "Guam",
      "es": "Guam",
      "ca": "Guam",
      "cn": "關島",
      "pt": "Guam",
      "it": "Guam",
      "tr": "Guam",
      "nl": "Guam",
      "el": "Γκουάμ"
    },
    "capital": "Hagåtña",
    "area": 549,
    "currency": "USD"
  },
  {
    "name": {
      "en": "Guatemala",
      "fr": "Guatemala",
      "es": "Guatemala",
      "ca": "Guatemala",
      "de": "Guatemala",
      "cn": "危地马拉",
      "pt": "Guatemala",
      "it": "Guatemala",
      "tr": "Guatemala",
      "nl": "Guatemala",
      "el": "Γουατεμάλα"
    },
    "capital": "Guatemala City",
    "area": 108889,
    "currency": "GTQ"
  },
  {
    "name": {
      "en": "Guernsey",
      "fr": "Guernesey",
      "es": "Guernsey",
      "ca": "Guernsey",
      "cn": "根西",
      "pt": "Guernsey",
      "it": "Guernsey",
      "tr": "Guernsey",
      "nl": "Guernsey",
      "el": "Γκουέρνσει"
    },
    "capital": "St. Peter Port",
    "area": 78,
    "currency": "GBP"
  },
  {
    "name": {
      "en": "Guinea",
      "fr": "Guinée",
      "es": "Guinea",
      "ca": "Guinea",
      "de": "Guinea",
      "cn": "几内亚",
      "pt": "Guiné",
      "it": "Guinea",
      "tr": "Gine",
      "nl": "Guinea",
      "el": "Γουινέα"
    },
    "capital": "Conakry",
    "area": 245857,
    "currency": "GNF"
  },
  {
    "name": {
      "en": "Guinea-Bissau",
      "fr": "Guinée-Bissau",
      "es": "Guinea-Bisáu",
      "ca": "Guinea Bissau",
      "de": "Guinea-Bissau",
      "cn": "几内亚比绍",
      "pt": "Guiné-Bissau",
      "it": "Guinea-Bissau",
      "tr": "Gine-Bissau",
      "nl": "Guinea-Bissau",
      "el": "Γουινέα Μπισάου"
    },
    "capital": "Bissau",
    "area": 36125,
    "currency": "XOF"
  },
  {
    "name": {
      "en": "Guyana",
      "fr": "Guyana",
      "es": "Guyana",
      "ca": "Guyana",
      "de": "Guyana",
      "cn": "圭亚那",
      "pt": "Guiana",
      "it": "Guyana",
      "tr": "Guyana",
      "nl": "Guyana",
      "el": "Γουιάνα"
    },
    "capital": "Georgetown",
    "area": 214969,
    "currency": "GYD"
  },
  {
    "name": {
      "en": "Haiti",
      "fr": "Haïti",
      "es": "Haití",
      "ca": "Haití",
      "de": "Haiti",
      "cn": "海地",
      "pt": "Haiti",
      "it": "Haiti",
      "tr": "Haiti",
      "nl": "Haïti",
      "el": "Αϊτή"
    },
    "capital": "Port-au-Prince",
    "area": 27750,
    "currency": "HTG"
  },
  {
    "name": {
      "en": "Heard Island and McDonald Islands",
      "fr": "Îles Heard-et-MacDonald",
      "es": "Islas Heard y McDonald",
      "cn": "赫德岛和麦克唐纳群岛",
      "pt": "Ilha Heard e Ilhas McDonald",
      "it": "Isole Heard e McDonald",
      "tr": "Heard Adası ve McDonald Adaları",
      "nl": "Heard eiland en McDonald eilanden",
      "el": "Νήσοι Χερντ και Μακ Ντόναλντ"
    },
    "capital": "",
    "area": 412,
    "currency": "AUD"
  },
  {
    "name": {
      "en": "Honduras",
      "fr": "Honduras",
      "es": "Honduras",
      "ca": "Hondures",
      "de": "Honduras",
      "cn": "洪都拉斯",
      "pt": "Honduras",
      "it": "Honduras",
      "tr": "Honduras",
      "nl": "Honduras",
      "el": "Ονδούρα"
    },
    "capital": "Tegucigalpa",
    "area": 112492,
    "currency": "HNL"
  },
  {
    "name": {
      "en": "Hong Kong",
      "fr": "Hong Kong",
      "es": "Hong Kong",
      "ca": "Hong Kong (RAE Xina)",
      "cn": "香港",
      "pt": "Hong Kong",
      "it": "Hong Kong",
      "tr": "Hong Kong",
      "nl": "Hong Kong",
      "el": "Χονγκ Κονγκ"
    },
    "capital": "City of Victoria",
    "area": 1104,
    "currency": "HKD"
  },
  {
    "name": {
      "en": "Hungary",
      "fr": "Hongrie",
      "es": "Hungría",
      "ca": "Hongria",
      "de": "Ungarn",
      "cn": "匈牙利",
      "pt": "Hungria",
      "it": "Ungheria",
      "tr": "Macaristan",
      "nl": "Hongarije",
      "el": "Ουγγαρία"
    },
    "capital": "Budapest",
    "area": 93028,
    "currency": "HUF"
  },
  {
    "name": {
      "en": "Iceland",
      "fr": "Islande",
      "es": "Islandia",
      "ca": "Islàndia",
      "de": "Island",
      "cn": "冰島",
      "pt": "Islândia",
      "it": "Islanda",
      "tr": "Izlanda",
      "nl": "IJsland",
      "el": "Ισλανδία"
    },
    "capital": "Reykjavik",
    "area": 103000,
    "currency": "ISK"
  },
  {
    "name": {
      "en": "India",
      "fr": "Inde",
      "es": "India",
      "ca": "Índia",
      "de": "Indien",
      "cn": "印度",
      "pt": "Índia",
      "it": "India",
      "tr": "Hindistan",
      "nl": "India",
      "el": "Ινδία"
    },
    "capital": "New Delhi",
    "area": 3287590,
    "currency": "INR"
  },
  {
    "name": {
      "en": "Indonesia",
      "fr": "Indonésie",
      "es": "Indonesia",
      "ca": "Indonèsia",
      "de": "Indonesien",
      "cn": "印尼",
      "pt": "Indonésia",
      "it": "Indonesia",
      "tr": "Endonezya",
      "nl": "Indonesië",
      "el": "Ινδονησία"
    },
    "capital": "Jakarta",
    "area": 1904569,
    "currency": "IDR"
  },
  {
    "name": {
      "en": "Iraq",
      "fr": "Irak",
      "es": "Irak",
      "ca": "Iraq",
      "de": "Irak",
      "cn": "伊拉克",
      "pt": "Iraque",
      "it": "Iraq",
      "tr": "Irak",
      "nl": "Irak",
      "el": "Ιράκ"
    },
    "capital": "Baghdad",
    "area": 438317,
    "currency": "IQD"
  },
  {
    "name": {
      "en": "Ireland",
      "fr": "Irlande (pays)",
      "es": "Irlanda",
      "ca": "Irlanda",
      "de": "Irland",
      "cn": "爱尔兰",
      "pt": "Irlanda",
      "it": "Irlanda",
      "tr": "İrlanda",
      "nl": "Ierland",
      "el": "Ιρλανδία"
    },
    "capital": "Dublin",
    "area": 70273,
    "currency": "EUR"
  },
  {
    "name": {
      "en": "Isle of Man",
      "fr": "Île de Man",
      "es": "Isla de Man",
      "ca": "Illa de Man",
      "cn": "马恩岛",
      "pt": "Ilha de Man",
      "it": "Isola di Man",
      "tr": "Man Adası",
      "nl": "Man eiland",
      "el": "Νήσος Μαν"
    },
    "capital": "Douglas",
    "area": 572,
    "currency": "GBP"
  },
  {
    "name": {
      "en": "Israel",
      "fr": "Israël",
      "es": "Israel",
      "ca": "Israel",
      "de": "Israel",
      "cn": "以色列",
      "pt": "Israel",
      "it": "Israele",
      "tr": "İsrail",
      "nl": "Israël",
      "el": "Ισραήλ"
    },
    "capital": "Jerusalem",
    "area": 20770,
    "currency": "ILS"
  },
  {
    "name": {
      "en": "Italy",
      "fr": "Italie",
      "es": "Italia",
      "ca": "Itàlia",
      "de": "Italien",
      "cn": "義大利",
      "pt": "Itália",
      "it": "Italia",
      "tr": "İtalya",
      "nl": "Italië",
      "el": "Ιταλία"
    },
    "capital": "Rome",
    "area": 301336,
    "currency": "EUR"
  },
  {
    "name": {
      "en": "Jamaica",
      "fr": "Jamaïque",
      "es": "Jamaica",
      "ca": "Jamaica",
      "de": "Jamaika",
      "cn": "牙买加",
      "pt": "Jamaica",
      "it": "Giamaica",
      "tr": "Jamaika",
      "nl": "Jamaica",
      "el": "Τζαμάικα"
    },
    "capital": "Kingston",
    "area": 10991,
    "currency": "JMD"
  },
  {
    "name": {
      "en": "Japan",
      "fr": "Japon",
      "es": "Japón",
      "ca": "Japó",
      "de": "Japan",
      "cn": "日本",
      "pt": "Japão",
      "it": "Giappone",
      "tr": "Japonya",
      "nl": "Japan",
      "el": "Ιαπωνία"
    },
    "capital": "Tokyo",
    "area": 377930,
    "currency": "JPY"
  },
  {
    "name": {
      "en": "Jersey",
      "fr": "Jersey",
      "es": "Jersey",
      "ca": "Jersey",
      "cn": "澤西",
      "pt": "Jersey",
      "it": "Jersey",
      "tr": "Jersey",
      "nl": "Jersey",
      "el": "Τζέρσεϊ"
    },
    "capital": "Saint Helier",
    "area": 116,
    "currency": "GBP"
  },
  {
    "name": {
      "en": "Jordan",
      "fr": "Jordanie",
      "es": "Jordania",
      "ca": "Jordània",
      "de": "Jordanien",
      "cn": "约旦",
      "pt": "Jordânia",
      "it": "Giordania",
      "tr": "Ürdün",
      "nl": "Jordanië",
      "el": "Ιορδανία"
    },
    "capital": "Amman",
    "area": 89342,
    "currency": "JOD"
  },
  {
    "name": {
      "en": "Kazakhstan",
      "fr": "Kazakhstan",
      "es": "Kazajistán",
      "ca": "Kazakhstan",
      "de": "Kasachstan",
      "cn": "哈萨克斯坦",
      "pt": "Cazaquistão",
      "it": "Kazakistan",
      "tr": "Kazakistan",
      "nl": "Kazachstan",
      "el": "Καζακστάν"
    },
    "capital": "Astana",
    "area": 2724900,
    "currency": "KZT"
  },
  {
    "name": {
      "en": "Kenya",
      "fr": "Kenya",
      "es": "Kenia",
      "ca": "Kenya",
      "de": "Kenia",
      "cn": "肯尼亚",
      "pt": "Quênia",
      "it": "Kenya",
      "tr": "Kenya",
      "nl": "Kenya",
      "el": "Κένυα"
    },
    "capital": "Nairobi",
    "area": 580367,
    "currency": "KES"
  },
  {
    "name": {
      "en": "Kiribati",
      "fr": "Kiribati",
      "es": "Kiribati",
      "ca": "Kiribati",
      "de": "Kiribati",
      "cn": "基里巴斯",
      "pt": "Kiribati",
      "it": "Kiribati",
      "tr": "Kiribati",
      "nl": "Kiribati",
      "el": "Κιριμπάτι"
    },
    "capital": "South Tarawa",
    "area": 811,
    "currency": "AUD"
  },
  {
    "name": {
      "en": "Kuwait",
      "fr": "Koweït",
      "es": "Kuwait",
      "ca": "Kuwait",
      "de": "Kuwait",
      "cn": "科威特",
      "pt": "Kuwait",
      "it": "Kuwait",
      "tr": "Kuveyt",
      "nl": "Koeweit",
      "el": "Κουβέιτ"
    },
    "capital": "Kuwait City",
    "area": 17818,
    "currency": "KWD"
  },
  {
    "name": {
      "en": "Kyrgyzstan",
      "fr": "Kirghizistan",
      "es": "Kirguistán",
      "ca": "Kirguizistan",
      "de": "Kirgisistan",
      "cn": "吉尔吉斯斯坦",
      "pt": "Quirguistão",
      "it": "Kırgızistan",
      "tr": "Kirghizistan",
      "nl": "Kirgizië",
      "el": "Κιργιζία"
    },
    "capital": "Bishkek",
    "area": 199951,
    "currency": "KGS"
  },
  {
    "name": {
      "en": "Latvia",
      "fr": "Lettonie",
      "es": "Letonia",
      "ca": "Letònia",
      "de": "Lettland",
      "cn": "拉脫維亞",
      "pt": "Letônia",
      "it": "Lettonia",
      "tr": "Letonya",
      "nl": "Letland",
      "el": "Λετονία"
    },
    "capital": "Riga",
    "area": 64559,
    "currency": "EUR"
  },
  {
    "name": {
      "en": "Lebanon",
      "fr": "Liban",
      "es": "Líbano",
      "ca": "Líban",
      "de": "Libanon",
      "cn": "黎巴嫩",
      "pt": "Líbano",
      "it": "Libano",
      "tr": "Lübnan",
      "nl": "Libanon",
      "el": "Λίβανος"
    },
    "capital": "Beirut",
    "area": 10452,
    "currency": "LBP"
  },
  {
    "name": {
      "en": "Lesotho",
      "fr": "Lesotho",
      "es": "Lesoto",
      "ca": "Lesotho",
      "de": "Lesotho",
      "cn": "賴索托",
      "pt": "Lesoto",
      "it": "Lesotho",
      "tr": "Lesotho",
      "nl": "Lesoto",
      "el": "Λεσότο"
    },
    "capital": "Maseru",
    "area": 30355,
    "currency": "LSL"
  },
  {
    "name": {
      "en": "Liberia",
      "fr": "Liberia",
      "es": "Liberia",
      "ca": "Libèria",
      "de": "Liberia",
      "cn": "利比里亚",
      "pt": "Libéria",
      "it": "Liberia",
      "tr": "Liberya",
      "nl": "Liberië",
      "el": "Λιβερία"
    },
    "capital": "Monrovia",
    "area": 111369,
    "currency": "LRD"
  },
  {
    "name": {
      "en": "Libya",
      "fr": "Libye",
      "es": "Libia",
      "ca": "Líbia",
      "de": "Libyen",
      "cn": "利比亞",
      "pt": "Líbia",
      "it": "Libia",
      "tr": "Libya",
      "nl": "Libië",
      "el": "Λιβύη"
    },
    "capital": "Tripoli",
    "area": 1759540,
    "currency": "LYD"
  },
  {
    "name": {
      "en": "Liechtenstein",
      "fr": "Liechtenstein",
      "es": "Liechtenstein",
      "ca": "Liechtenstein",
      "de": "Liechtenstein",
      "cn": "列支敦斯登",
      "pt": "Liechtenstein",
      "it": "Liechtenstein",
      "tr": "Lihtenştayn",
      "nl": "Liechtenstein",
      "el": "Λιχτεναστάιν"
    },
    "capital": "Vaduz",
    "area": 160,
    "currency": "CHF"
  },
  {
    "name": {
      "en": "Lithuania",
      "fr": "Lituanie",
      "es": "Lituania",
      "ca": "Lituània",
      "de": "Litauen",
      "cn": "立陶宛",
      "pt": "Lituânia",
      "it": "Lituania",
      "tr": "Litvanya",
      "nl": "Litouwen",
      "el": "Λιθουανία"
    },
    "capital": "Vilnius",
    "area": 65300,
    "currency": "EUR"
  },
  {
    "name": {
      "en": "Luxembourg",
      "fr": "Luxembourg (pays)",
      "es": "Luxemburgo",
      "ca": "Luxemburg",
      "de": "Luxemburg",
      "cn": "卢森堡",
      "pt": "Luxemburgo",
      "it": "Lussemburgo",
      "tr": "Lüksemburg",
      "nl": "Luxemburg",
      "el": "Λουξεμβούργο"
    },
    "capital": "Luxembourg",
    "area": 2586,
    "currency": "EUR"
  },
  {
    "name": {
      "en": "Madagascar",
      "fr": "Madagascar",
      "es": "Madagascar",
      "ca": "Madagascar",
      "de": "Madagaskar",
      "cn": "马达加斯加",
      "pt": "Madagáscar",
      "it": "Madagascar",
      "tr": "Madagaskar",
      "nl": "Madagascar",
      "el": "Μαδαγασκάρη"
    },
    "capital": "Antananarivo",
    "area": 587041,
    "currency": "MGA"
  },
  {
    "name": {
      "en": "Malawi",
      "fr": "Malawi",
      "es": "Malaui",
      "ca": "Malawi",
      "de": "Malawi",
      "cn": "马拉维",
      "pt": "Malawi",
      "it": "Malawi",
      "tr": "Malawi",
      "nl": "Malawi",
      "el": "Μαλάουι"
    },
    "capital": "Lilongwe",
    "area": 118484,
    "currency": "MWK"
  },
  {
    "name": {
      "en": "Malaysia",
      "fr": "Malaisie",
      "es": "Malasia",
      "ca": "Malàisia",
      "de": "Malaysia",
      "cn": "马来西亚",
      "pt": "Malásia",
      "it": "Malaysia",
      "tr": "Malezya",
      "nl": "Maleisië",
      "el": "Μαλαισία"
    },
    "capital": "Kuala Lumpur",
    "area": 330803,
    "currency": "MYR"
  },
  {
    "name": {
      "en": "Maldives",
      "fr": "Maldives",
      "es": "Maldivas",
      "ca": "Maldives",
      "de": "Malediven",
      "cn": "馬爾地夫",
      "pt": "Maldivas",
      "it": "Maldive",
      "tr": "Maldivler",
      "nl": "Malediven",
      "el": "Μαλδίβες"
    },
    "capital": "Malé",
    "area": 300,
    "currency": "MVR"
  },
  {
    "name": {
      "en": "Mali",
      "fr": "Mali",
      "es": "Malí",
      "ca": "Mali",
      "de": "Mali",
      "cn": "马里",
      "pt": "Mali",
      "it": "Mali",
      "tr": "Mali",
      "nl": "Mali",
      "el": "Μάλι"
    },
    "capital": "Bamako",
    "area": 1240192,
    "currency": "XOF"
  },
  {
    "name": {
      "en": "Malta",
      "fr": "Malte",
      "es": "Malta",
      "ca": "Malta",
      "de": "Malta",
      "cn": "馬爾他",
      "pt": "Malta",
      "it": "Malta",
      "tr": "Malta",
      "nl": "Malta",
      "el": "Μάλτα"
    },
    "capital": "Valletta",
    "area": 316,
    "currency": "EUR"
  },
  {
    "name": {
      "en": "Marshall Islands",
      "fr": "Îles Marshall (pays)",
      "es": "Islas Marshall",
      "ca": "Illes Marshall",
      "de": "Marshallinseln",
      "cn": "马绍尔群岛",
      "pt": "Ilhas Marshall",
      "it": "Isole Marshall",
      "tr": "Marşal Adaları",
      "nl": "Marshall eilanden",
      "el": "Νήσοι Μάρσαλ"
    },
    "capital": "Majuro",
    "area": 181,
    "currency": "USD"
  },
  {
    "name": {
      "en": "Martinique",
      "fr": "Martinique",
      "es": "Martinica",
      "ca": "Martinica",
      "cn": "马提尼克",
      "pt": "Martinica",
      "it": "Martinica",
      "tr": "Martinik",
      "nl": "Martinica",
      "el": "Μαρτινίκα"
    },
    "capital": "Fort-de-France",
    "area": 1128,
    "currency": "EUR"
  },
  {
    "name": {
      "en": "Mauritania",
      "fr": "Mauritanie",
      "es": "Mauritania",
      "ca": "Mauritània",
      "de": "Mauretanien",
      "cn": "毛里塔尼亚",
      "pt": "Mauritânia",
      "it": "Mauritania",
      "tr": "Moritanya",
      "nl": "Mauritanië",
      "el": "Μαυριτανία"
    },
    "capital": "Nouakchott",
    "area": 1030700,
    "currency": "MRO"
  },
  {
    "name": {
      "en": "Mauritius",
      "fr": "Maurice (pays)",
      "es": "Mauricio",
      "ca": "Maurici",
      "de": "Mauritius",
      "cn": "模里西斯",
      "pt": "Maurícia",
      "it": "Mauritius",
      "tr": "Mauritius",
      "nl": "Mauritius",
      "el": "Μαυρίκιος"
    },
    "capital": "Port Louis",
    "area": 2040,
    "currency": "MUR"
  },
  {
    "name": {
      "en": "Mayotte",
      "fr": "Mayotte",
      "es": "Mayotte",
      "ca": "Mayotte",
      "cn": "马约特",
      "pt": "Mayotte",
      "it": "Mayotte",
      "tr": "Mayotte",
      "nl": "Mayotte",
      "el": "Μαγιότ"
    },
    "capital": "Mamoudzou",
    "area": 374,
    "currency": "EUR"
  },
  {
    "name": {
      "en": "Mexico",
      "fr": "Mexique",
      "es": "México",
      "ca": "Mèxic",
      "de": "Mexiko",
      "cn": "墨西哥",
      "pt": "México",
      "it": "Messico",
      "tr": "Meksika",
      "nl": "Mexico",
      "el": "Μεξικό"
    },
    "capital": "Mexico City",
    "area": 1964375,
    "currency": "MXN"
  },
  {
    "name": {
      "en": "Monaco",
      "fr": "Monaco",
      "es": "Mónaco",
      "ca": "Mònaco",
      "de": "Monaco",
      "cn": "摩納哥",
      "pt": "Mónaco",
      "it": "Monaco",
      "tr": "Monako",
      "nl": "Monaco",
      "el": "Μονακό"
    },
    "capital": "Monaco",
    "area": 2.02,
    "currency": "EUR"
  },
  {
    "name": {
      "en": "Mongolia",
      "fr": "Mongolie",
      "es": "Mongolia",
      "ca": "Mongòlia",
      "de": "Mongolei",
      "cn": "蒙古國",
      "pt": "Mongólia",
      "it": "Mongolia",
      "tr": "Moğolistan",
      "nl": "Mongolië",
      "el": "Μογγολία"
    },
    "capital": "Ulan Bator",
    "area": 1564110,
    "currency": "MNT"
  },
  {
    "name": {
      "en": "Montenegro",
      "fr": "Monténégro",
      "es": "Montenegro",
      "ca": "Montenegro",
      "de": "Montenegro",
      "cn": "蒙特內哥羅",
      "pt": "Montenegro",
      "it": "Montenegro",
      "tr": "Karadağ",
      "nl": "Montenegro",
      "el": "Μαυροβούνιο"
    },
    "capital": "Podgorica",
    "area": 13812,
    "currency": "EUR"
  },
  {
    "name": {
      "en": "Montserrat",
      "fr": "Montserrat",
      "es": "Montserrat",
      "ca": "Montserrat",
      "cn": "蒙特塞拉特",
      "pt": "Montserrat",
      "it": "Montserrat",
      "tr": "Montserrat",
      "nl": "Montserrat",
      "el": "Μοντσερά"
    },
    "capital": "Plymouth",
    "area": 102,
    "currency": "XCD"
  },
  {
    "name": {
      "en": "Morocco",
      "fr": "Maroc",
      "es": "Marruecos",
      "ca": "Marroc",
      "de": "Marokko",
      "cn": "摩洛哥",
      "pt": "Marrocos",
      "it": "Marocco",
      "tr": "Fas",
      "nl": "Marokko",
      "el": "Μαρόκο"
    },
    "capital": "Rabat",
    "area": 446550,
    "currency": "MAD"
  },
  {
    "name": {
      "en": "Mozambique",
      "fr": "Mozambique",
      "es": "Mozambique",
      "ca": "Moçambic",
      "de": "Mosambik",
      "cn": "莫桑比克",
      "pt": "Moçambique",
      "it": "Mozambico",
      "tr": "Mozambik",
      "nl": "Mozambiek",
      "el": "Μοζαμβίκη"
    },
    "capital": "Maputo",
    "area": 801590,
    "currency": "MZN"
  },
  {
    "name": {
      "en": "Myanmar",
      "fr": "Birmanie",
      "es": "Birmania",
      "ca": "Myanmar (Birmània)",
      "de": "Myanmar",
      "cn": "緬甸",
      "pt": "Mianmar",
      "it": "Birmania",
      "tr": "Myanmar",
      "nl": "Myanmar",
      "el": "Μιανμάρ"
    },
    "capital": "Naypyidaw",
    "area": 676578,
    "currency": "MMK"
  },
  {
    "name": {
      "en": "Namibia",
      "fr": "Namibie",
      "es": "Namibia",
      "ca": "Namíbia",
      "de": "Namibia",
      "cn": "纳米比亚",
      "pt": "Namíbia",
      "it": "Namibia",
      "tr": "Namibya",
      "nl": "Namibië",
      "el": "Ναμίμπια"
    },
    "capital": "Windhoek",
    "area": 825615,
    "currency": "NAD"
  },
  {
    "name": {
      "en": "Nauru",
      "fr": "Nauru",
      "es": "Nauru",
      "ca": "Nauru",
      "de": "Nauru",
      "cn": "瑙鲁",
      "pt": "Nauru",
      "it": "Nauru",
      "tr": "Nauru",
      "nl": "Nauro",
      "el": "Ναουρού"
    },
    "capital": "Yaren",
    "area": 21,
    "currency": "AUD"
  },
  {
    "name": {
      "en": "Nepal",
      "fr": "Népal",
      "es": "Nepal",
      "ca": "Nepal",
      "de": "Nepal",
      "cn": "尼泊尔",
      "pt": "Nepal",
      "it": "Nepal",
      "tr": "Nepal",
      "nl": "Nepal",
      "el": "Νεπάλ"
    },
    "capital": "Kathmandu",
    "area": 147181,
    "currency": "NPR"
  },
  {
    "name": {
      "en": "Netherlands",
      "fr": "Pays Bas",
      "es": "Países Bajos",
      "ca": "Països Baixos",
      "de": "Niederlande",
      "cn": "荷蘭",
      "pt": "Países Baixos",
      "it": "Paesi Bassi",
      "tr": "Hollanda",
      "nl": "Nederland",
      "el": "Ολλανδία"
    },
    "capital": "Amsterdam",
    "area": 41850,
    "currency": "EUR"
  },
  {
    "name": {
      "en": "New Caledonia",
      "fr": "Nouvelle-Calédonie",
      "es": "Nueva Caledonia",
      "ca": "Nova Caledònia",
      "cn": "新喀里多尼亞",
      "pt": "Nova Caledônia",
      "it": "Nuova Caledonia",
      "tr": "Yeni Kaledonya",
      "nl": "Nieuw-Caledonië",
      "el": "Νέα Καληδονία"
    },
    "capital": "Nouméa",
    "area": 18575,
    "currency": "XPF"
  },
  {
    "name": {
      "en": "New Zealand",
      "fr": "Nouvelle-Zélande",
      "es": "Nueva Zelanda",
      "ca": "Nova Zelanda",
      "de": "Neuseeland",
      "cn": "新西蘭",
      "pt": "Nova Zelândia",
      "it": "Nuova Zelanda",
      "tr": "Yeni Zelanda",
      "nl": "Nieuw Zeeland",
      "el": "Νέα Ζηλανδία"
    },
    "capital": "Wellington",
    "area": 270467,
    "currency": "NZD"
  },
  {
    "name": {
      "en": "Nicaragua",
      "fr": "Nicaragua",
      "es": "Nicaragua",
      "ca": "Nicaragua",
      "de": "Nicaragua",
      "cn": "尼加拉瓜",
      "pt": "Nicarágua",
      "it": "Nicaragua",
      "tr": "Nikaragua",
      "nl": "Nicaragua",
      "el": "Νικαράγουα"
    },
    "capital": "Managua",
    "area": 130373,
    "currency": "NIO"
  },
  {
    "name": {
      "en": "Niger",
      "fr": "Niger",
      "es": "Níger",
      "ca": "Níger",
      "de": "Niger",
      "cn": "尼日尔",
      "pt": "Níger",
      "it": "Niger",
      "tr": "Nijer",
      "nl": "Niger",
      "el": "Νίγηρας"
    },
    "capital": "Niamey",
    "area": 1267000,
    "currency": "XOF"
  },
  {
    "name": {
      "en": "Nigeria",
      "fr": "Nigeria",
      "es": "Nigeria",
      "ca": "Nigèria",
      "de": "Nigeria",
      "cn": "奈及利亞",
      "pt": "Nigéria",
      "it": "Nigeria",
      "tr": "Nijerya",
      "nl": "Nigeria",
      "el": "Νιγηρία"
    },
    "capital": "Abuja",
    "area": 923768,
    "currency": "NGN"
  },
  {
    "name": {
      "en": "Niue",
      "fr": "Niue",
      "es": "Niue",
      "ca": "Niue",
      "cn": "纽埃",
      "pt": "Niue",
      "it": "Niue",
      "tr": "Niue",
      "nl": "Niue",
      "el": "Νίουε"
    },
    "capital": "Alofi",
    "area": 260,
    "currency": "NZD"
  },
  {
    "name": {
      "en": "Norfolk Island",
      "fr": "Île Norfolk",
      "es": "Isla Norfolk",
      "ca": "Norfolk",
      "cn": "诺福克岛",
      "pt": "Ilha Norfolk",
      "it": "Isola Norfolk",
      "tr": "Norfolk Adası",
      "nl": "Norfol eiland",
      "el": "Νήσοι Νόρφολκ"
    },
    "capital": "Kingston",
    "area": 36,
    "currency": "AUD"
  },
  {
    "name": {
      "en": "Northern Mariana Islands",
      "fr": "Îles Mariannes du Nord",
      "es": "Islas Marianas del Norte",
      "ca": "Illes Mariannes del Nord",
      "cn": "北马里亚纳群岛",
      "pt": "Marianas Setentrionais",
      "it": "Isole Marianne Settentrionali",
      "tr": "Kuzey Mariana Adaları",
      "nl": "Noordelijke Mariana eilanden",
      "el": "Βόρειες Μαριάνες Νήσοι"
    },
    "capital": "Saipan",
    "area": 464,
    "currency": "USD"
  },
  {
    "name": {
      "en": "Norway",
      "fr": "Norvège",
      "es": "Noruega",
      "ca": "Noruega",
      "de": "Norwegen",
      "cn": "挪威",
      "pt": "Noruega",
      "it": "Norvegia",
      "tr": "Norveç",
      "nl": "Noorwegen",
      "el": "Νορβηγία"
    },
    "capital": "Oslo",
    "area": 323802,
    "currency": "NOK"
  },
  {
    "name": {
      "en": "Oman",
      "fr": "Oman",
      "es": "Omán",
      "ca": "Oman",
      "de": "Oman",
      "cn": "阿曼",
      "pt": "Omã",
      "it": "Oman",
      "tr": "Umman",
      "nl": "Oman",
      "el": "Ομάν"
    },
    "capital": "Muscat",
    "area": 309500,
    "currency": "OMR"
  },
  {
    "name": {
      "en": "Pakistan",
      "fr": "Pakistan",
      "es": "Pakistán",
      "ca": "Pakistan",
      "de": "Pakistan",
      "cn": "巴基斯坦",
      "pt": "Paquistão",
      "it": "Pakistan",
      "tr": "Pakistan",
      "nl": "Pakistan",
      "el": "Πακιστάν"
    },
    "capital": "Islamabad",
    "area": 881912,
    "currency": "PKR"
  },
  {
    "name": {
      "en": "Palau",
      "fr": "Palaos",
      "es": "Palaos",
      "ca": "Palau",
      "de": "Palau",
      "cn": "帛琉",
      "pt": "Palau",
      "it": "Palau",
      "tr": "Palau",
      "nl": "Palau",
      "el": "Παλάου"
    },
    "capital": "Ngerulmud",
    "area": 459,
    "currency": "USD"
  },
  {
    "name": {
      "en": "Panama",
      "fr": "Panama",
      "es": "Panamá",
      "ca": "Panamà",
      "de": "Panama",
      "cn": "巴拿马",
      "pt": "Panamá",
      "it": "Panama",
      "tr": "Panama",
      "nl": "Panama",
      "el": "Παναμάς"
    },
    "capital": "Panama City",
    "area": 75417,
    "currency": "PAB"
  },
  {
    "name": {
      "en": "Papua New Guinea",
      "fr": "Papouasie-Nouvelle-Guinée",
      "es": "Papúa Nueva Guinea",
      "ca": "Papua Nova Guinea",
      "de": "Papua-Neuguinea",
      "cn": "巴布亚新几内亚",
      "pt": "Papua-Nova Guiné",
      "it": "Papua Nuova Guinea",
      "tr": "Papua Yeni Gine",
      "nl": "Papua Nieuw Ginea",
      "el": "Παπούα Νέα Γουινέα"
    },
    "capital": "Port Moresby",
    "area": 462840,
    "currency": "PGK"
  },
  {
    "name": {
      "en": "Paraguay",
      "fr": "Paraguay",
      "es": "Paraguay",
      "ca": "Paraguai",
      "de": "Paraguay",
      "cn": "巴拉圭",
      "pt": "Paraguai",
      "it": "Paraguay",
      "tr": "Paraguay",
      "nl": "Paraguay",
      "el": "Παραγουάη"
    },
    "capital": "Asunción",
    "area": 406752,
    "currency": "PYG"
  },
  {
    "name": {
      "en": "Peru",
      "fr": "Pérou",
      "es": "Perú",
      "ca": "Perú",
      "de": "Peru",
      "cn": "秘魯",
      "pt": "Peru",
      "it": "Perù",
      "tr": "Peru",
      "nl": "Peru",
      "el": "Περού"
    },
    "capital": "Lima",
    "area": 1285216,
    "currency": "PEN"
  },
  {
    "name": {
      "en": "Philippines",
      "fr": "Philippines",
      "es": "Filipinas",
      "ca": "Filipines",
      "de": "Philippinen",
      "cn": "菲律賓",
      "pt": "Filipinas",
      "it": "Filippine",
      "tr": "Filipinler",
      "nl": "Filipijnen",
      "el": "Φιλιππίνες"
    },
    "capital": "Manila",
    "area": 342353,
    "currency": "PHP"
  },
  {
    "name": {
      "en": "Poland",
      "fr": "Pologne",
      "es": "Polonia",
      "ca": "Polònia",
      "de": "Polen",
      "cn": "波蘭",
      "pt": "Polónia",
      "it": "Polonia",
      "tr": "Polonya",
      "nl": "Polen",
      "el": "Πολωνία"
    },
    "capital": "Warsaw",
    "area": 312679,
    "currency": "PLN"
  },
  {
    "name": {
      "en": "Portugal",
      "fr": "Portugal",
      "es": "Portugal",
      "ca": "Portugal",
      "de": "Portugal",
      "cn": "葡萄牙",
      "pt": "Portugal",
      "it": "Portogallo",
      "tr": "Portekiz",
      "nl": "Portugal",
      "el": "Πορτογαλία"
    },
    "capital": "Lisbon",
    "area": 92090,
    "currency": "EUR"
  },
  {
    "name": {
      "en": "Puerto Rico",
      "fr": "Porto Rico",
      "es": "Puerto Rico",
      "ca": "Puerto Rico",
      "cn": "波多黎各",
      "pt": "Porto Rico",
      "it": "Porto Rico",
      "tr": "Porto Riko",
      "nl": "Porto Rico",
      "el": "Πουέρτο Ρίκο"
    },
    "capital": "San Juan",
    "area": 8870,
    "currency": "USD"
  },
  {
    "name": {
      "en": "Qatar",
      "fr": "Qatar",
      "es": "Catar",
      "ca": "Qatar",
      "de": "Katar",
      "cn": "卡塔尔",
      "pt": "Catar",
      "it": "Qatar",
      "tr": "Katar",
      "nl": "Katar",
      "el": "Κατάρ"
    },
    "capital": "Doha",
    "area": 11586,
    "currency": "QAR"
  },
  {
    "name": {
      "en": "Réunion",
      "fr": "La Réunion",
      "es": "Reunión",
      "ca": "Illa de la Reunió",
      "cn": "留尼旺",
      "pt": "Reunião",
      "it": "Riunione",
      "tr": "Riunione",
      "nl": "Reunión",
      "el": "Ρεουνιόν"
    },
    "capital": "Saint-Denis",
    "area": 2511,
    "currency": "EUR"
  },
  {
    "name": {
      "en": "Romania",
      "fr": "Roumanie",
      "es": "Rumania",
      "ca": "Romania",
      "de": "Rumänien",
      "cn": "羅馬尼亞",
      "pt": "Roménia",
      "it": "Romania",
      "tr": "Romanya",
      "nl": "Roemenië",
      "el": "Ρουμανία"
    },
    "capital": "Bucharest",
    "area": 238391,
    "currency": "RON"
  },
  {
    "name": {
      "en": "Rwanda",
      "fr": "Rwanda",
      "es": "Ruanda",
      "ca": "Ruanda",
      "de": "Ruanda",
      "cn": "卢旺达",
      "pt": "Ruanda",
      "it": "Ruanda",
      "tr": "Ruanda",
      "nl": "Ruanda",
      "el": "Ρουάντα"
    },
    "capital": "Kigali",
    "area": 26338,
    "currency": "RWF"
  },
  {
    "name": {
      "en": "Saint Barthélemy",
      "fr": "Saint-Barthélemy",
      "es": "San Bartolomé",
      "ca": "Saint Barthélemy",
      "cn": "圣巴泰勒米",
      "pt": "São Bartolomeu",
      "it": "Saint-Barthélemy",
      "tr": "Saint Barthelemy",
      "nl": "Sint-Bartholomeüs",
      "el": "Άγιος Βαρθολομαίος"
    },
    "capital": "Gustavia",
    "area": 21,
    "currency": "EUR"
  },
  {
    "name": {
      "en": "Saint Helena, Ascension and Tristan da Cunha",
      "fr": "Sainte-Hélène, Ascension et Tristan da Cunha",
      "es": "Santa Elena, Ascensión y Tristán de Acuña",
      "ca": "Saint Helena",
      "cn": "圣赫勒拿、阿森松和特里斯坦-达库尼亚",
      "pt": "Santa Helena, Ascensão e Tristão da Cunha",
      "it": "Sant'Elena, Ascensione e Tristan da Cunha",
      "tr": "Saint Helena, Ascension ve Tristan da Cunha",
      "nl": "Sint-Helena, Ascension en Tristan da Cunha",
      "el": "Αγία Ελένη"
    },
    "capital": "Jamestown",
    "area": 394,
    "currency": "SHP"
  },
  {
    "name": {
      "en": "Saint Kitts and Nevis",
      "fr": "Saint-Christophe-et-Niévès",
      "es": "San Cristóbal y Nieves",
      "ca": "Saint Christopher i Nevis",
      "de": "St. Kitts und Nevis",
      "cn": "圣基茨和尼维斯",
      "pt": "São Cristóvão e Névis",
      "it": "Saint Kitts e Nevis",
      "tr": "Saint Kitts ve Nevis",
      "nl": "Sint Kitts en Nevis",
      "el": "Άγιος Χριστόφορος και Νέβις"
    },
    "capital": "Basseterre",
    "area": 261,
    "currency": "XCD"
  },
  {
    "name": {
      "en": "Saint Lucia",
      "fr": "Sainte-Lucie",
      "es": "Santa Lucía",
      "ca": "Saint Lucia",
      "de": "St. Lucia",
      "cn": "圣卢西亚",
      "pt": "Santa Lúcia",
      "it": "Saint Lucia",
      "tr": "Saint Lucia",
      "nl": "Sint Lucia",
      "el": "Αγία Λουκία"
    },
    "capital": "Castries",
    "area": 616,
    "currency": "XCD"
  },
  {
    "name": {
      "en": "Saint Pierre and Miquelon",
      "fr": "Saint-Pierre-et-Miquelon",
      "es": "San Pedro y Miquelón",
      "ca": "Saint-Pierre-et-Miquelon",
      "cn": "圣皮埃尔和密克隆",
      "pt": "Saint-Pierre e Miquelon",
      "it": "Saint-Pierre e Miquelon",
      "tr": "Saint Pierre ve Miquelon",
      "nl": "Sint Pierre en Miquelon",
      "el": "Σεντ Πιέρ και Μικελόν"
    },
    "capital": "Saint-Pierre",
    "area": 242,
    "currency": "EUR"
  },
  {
    "name": {
      "en": "Saint Vincent and the Grenadines",
      "fr": "Saint-Vincent-et-les-Grenadines",
      "es": "San Vicente y las Granadinas",
      "ca": "Saint Vincent i les Grenadines",
      "de": "St. Vincent und die Grenadinen",
      "cn": "圣文森特和格林纳丁斯",
      "pt": "São Vicente e Granadinas",
      "it": "Saint Vincent e Grenadine",
      "tr": "Saint Vincent ve Grenadinler",
      "nl": "Sint Vincent en Grenada",
      "el": "Άγιος Βικέντιος και Γρεναδίνες"
    },
    "capital": "Kingstown",
    "area": 389,
    "currency": "XCD"
  },
  {
    "name": {
      "en": "Samoa",
      "fr": "Samoa",
      "es": "Samoa",
      "ca": "Samoa",
      "de": "Samoa",
      "cn": "萨摩亚",
      "pt": "Samoa",
      "it": "Samoa",
      "tr": "Samoa",
      "nl": "Samoa",
      "el": "Σαμόα"
    },
    "capital": "Apia",
    "area": 2842,
    "currency": "WST"
  },
  {
    "name": {
      "en": "San Marino",
      "fr": "Saint-Marin",
      "es": "San Marino",
      "ca": "San Marino",
      "de": "San Marino",
      "cn": "圣马力诺",
      "pt": "San Marino",
      "it": "San Marino",
      "tr": "San Marino",
      "nl": "San Marino",
      "el": "Άγιος Μαρίνος"
    },
    "capital": "City of San Marino",
    "area": 61,
    "currency": "EUR"
  },
  {
    "name": {
      "en": "Saudi Arabia",
      "fr": "Arabie saoudite",
      "es": "Arabia Saudita",
      "ca": "Aràbia Saudita",
      "de": "Saudi-Arabien",
      "cn": "沙烏地阿拉伯",
      "pt": "Arábia Saudita",
      "it": "Arabia Saudita",
      "tr": "Suudi Arabistan",
      "nl": "Saodie Arabië",
      "el": "Σαουδική Αραβία"
    },
    "capital": "Riyadh",
    "area": 2149690,
    "currency": "SAR"
  },
  {
    "name": {
      "en": "Senegal",
      "fr": "Sénégal",
      "es": "Senegal",
      "ca": "Senegal",
      "de": "Senegal",
      "cn": "塞内加尔",
      "pt": "Senegal",
      "it": "Senegal",
      "tr": "Senegal",
      "nl": "Senegal",
      "el": "Σενεγάλη"
    },
    "capital": "Dakar",
    "area": 196722,
    "currency": "XOF"
  },
  {
    "name": {
      "en": "Serbia",
      "fr": "Serbie",
      "es": "Serbia",
      "ca": "Sèrbia",
      "de": "Serbien",
      "cn": "塞爾維亞",
      "pt": "Sérvia",
      "it": "Serbia",
      "tr": "Sırbistan",
      "nl": "Servië",
      "el": "Σερβία"
    },
    "capital": "Belgrade",
    "area": 88361,
    "currency": "RSD"
  },
  {
    "name": {
      "en": "Seychelles",
      "fr": "Seychelles",
      "es": "Seychelles",
      "ca": "Seychelles",
      "de": "Seychellen",
      "cn": "塞舌尔",
      "pt": "Seicheles",
      "it": "Seychelles",
      "tr": "Seychelles",
      "nl": "Seychellen",
      "el": "Σευχέλλες"
    },
    "capital": "Victoria",
    "area": 452,
    "currency": "SCR"
  },
  {
    "name": {
      "en": "Sierra Leone",
      "fr": "Sierra Leone",
      "es": "Sierra Leona",
      "ca": "Sierra Leone",
      "de": "Sierra Leone",
      "cn": "塞拉利昂",
      "pt": "Serra Leoa",
      "it": "Sierra Leone",
      "tr": "Sierra Leone",
      "nl": "Sierra Leone",
      "el": "Σιέρρα Λεόνε"
    },
    "capital": "Freetown",
    "area": 71740,
    "currency": "SLL"
  },
  {
    "name": {
      "en": "Singapore",
      "fr": "Singapour",
      "es": "Singapur",
      "ca": "Singapur",
      "de": "Singapur",
      "cn": "新加坡",
      "pt": "Singapura",
      "it": "Singapore",
      "tr": "Singapur",
      "nl": "Singapore",
      "el": "Σιγκαπούρη"
    },
    "capital": "Singapore",
    "area": 710,
    "currency": "SGD"
  },
  {
    "name": {
      "en": "Slovakia",
      "fr": "Slovaquie",
      "es": "Eslovaquia",
      "ca": "Eslovàquia",
      "de": "Slowakei",
      "cn": "斯洛伐克",
      "pt": "Eslováquia",
      "it": "Slovacchia",
      "tr": "Slovakya",
      "nl": "Slowakije",
      "el": "Σλοβακία"
    },
    "capital": "Bratislava",
    "area": 49037,
    "currency": "EUR"
  },
  {
    "name": {
      "en": "Slovenia",
      "fr": "Slovénie",
      "es": "Eslovenia",
      "ca": "Eslovènia",
      "de": "Slowenien",
      "cn": "斯洛維尼亞",
      "pt": "Eslovênia",
      "it": "Slovenia",
      "tr": "Slovenya",
      "nl": "Slovenië",
      "el": "Σλοβενία"
    },
    "capital": "Ljubljana",
    "area": 20273,
    "currency": "EUR"
  },
  {
    "name": {
      "en": "Solomon Islands",
      "fr": "Salomon",
      "es": "Islas Salomón",
      "ca": "Illes Salomó",
      "de": "Salomonen",
      "cn": "所罗门群岛",
      "pt": "Ilhas Salomão",
      "it": "Isole Salomone",
      "tr": "Solomon Adaları",
      "nl": "Solomon eilanden",
      "el": "Νησιά Σολομώντα"
    },
    "capital": "Honiara",
    "area": 28896,
    "currency": "SBD"
  },
  {
    "name": {
      "en": "Somalia",
      "fr": "Somalie",
      "es": "Somalia",
      "ca": "Somàlia",
      "de": "Somalia",
      "cn": "索馬利亞",
      "pt": "Somália",
      "it": "Somalia",
      "tr": "Somali",
      "nl": "Somalië",
      "el": "Σομαλία"
    },
    "capital": "Mogadishu",
    "area": 637657,
    "currency": "SOS"
  },
  {
    "name": {
      "en": "South Africa",
      "fr": "Afrique du Sud",
      "es": "Sudáfrica",
      "ca": "República de Sud-àfrica",
      "de": "Südafrika",
      "cn": "南非",
      "pt": "África do Sul",
      "it": "Sudafrica",
      "tr": "Güney Afrika",
      "nl": "Zuid Afrika",
      "el": "Νότια Αφρική"
    },
    "capital": "Pretoria",
    "area": 1221037,
    "currency": "ZAR"
  },
  {
    "name": {
      "en": "South Sudan",
      "fr": "Soudan du Sud",
      "es": "Sudán del Sur",
      "ca": "Sudan del Sud",
      "de": "Südsudan",
      "cn": "南蘇丹",
      "pt": "Sudão do Sul",
      "it": "Sudan del Sud",
      "tr": "Güney Sudan",
      "nl": "Zuid Soedan",
      "el": "Νότιο Σουδάν"
    },
    "capital": "Juba",
    "area": 619745,
    "currency": "SSP"
  },
  {
    "name": {
      "en": "Spain",
      "fr": "Espagne",
      "es": "España",
      "ca": "Espanya",
      "de": "Spanien",
      "cn": "西班牙",
      "pt": "Espanha",
      "tr": "İspanya",
      "nl": "Spanje",
      "el": "Ισπανία"
    },
    "capital": "Madrid",
    "area": 505992,
    "currency": "EUR"
  },
  {
    "name": {
      "en": "Sri Lanka",
      "fr": "Sri Lanka",
      "es": "Sri Lanka",
      "ca": "Sri Lanka",
      "de": "Sri Lanka",
      "cn": "斯里蘭卡",
      "pt": "Sri Lanka",
      "it": "Sri Lanka",
      "tr": "Sri Lanka",
      "nl": "Sri Lanka",
      "el": "Σρι Λάνκα"
    },
    "capital": "Colombo",
    "area": 65610,
    "currency": "LKR"
  },
  {
    "name": {
      "en": "Sudan",
      "fr": "Soudan",
      "es": "Sudán",
      "ca": "Sudan",
      "de": "Sudan",
      "cn": "苏丹",
      "pt": "Sudão",
      "it": "Sudan",
      "tr": "Sudan",
      "nl": "Soedan",
      "el": "Σουδάν"
    },
    "capital": "Khartoum",
    "area": 1886068,
    "currency": "SDG"
  },
  {
    "name": {
      "en": "Suriname",
      "fr": "Suriname",
      "es": "Surinam",
      "ca": "Surinam",
      "de": "Suriname",
      "cn": "苏里南",
      "pt": "Suriname",
      "it": "Suriname",
      "tr": "Surinam",
      "nl": "Suriname",
      "el": "Σουρινάμ"
    },
    "capital": "Paramaribo",
    "area": 163820,
    "currency": "SRD"
  },
  {
    "name": {
      "en": "Svalbard and Jan Mayen",
      "fr": "Svalbard et ile Jan Mayen",
      "es": "Svalbard y Jan Mayen",
      "ca": "Svalbard i Jan Mayen",
      "cn": "斯瓦尔巴和扬马延",
      "pt": "Svalbard e Jan Mayen",
      "it": "Svalbard e Jan Mayen",
      "tr": "Svalbard ve Jan Mayen",
      "nl": "Svalbard en Jan Mayen",
      "el": "Σβάλμπαρντ και Γιαν Μάγεν"
    },
    "capital": "Longyearbyen",
    "area": -1,
    "currency": "NOK"
  },
  {
    "name": {
      "en": "Sweden",
      "fr": "Suède",
      "es": "Suecia",
      "ca": "Suècia",
      "de": "Schweden",
      "cn": "瑞典",
      "pt": "Suécia",
      "it": "Svezia",
      "tr": "İsveç",
      "nl": "Zweden",
      "el": "Σουηδία"
    },
    "capital": "Stockholm",
    "area": 450295,
    "currency": "SEK"
  },
  {
    "name": {
      "en": "Switzerland",
      "fr": "Suisse",
      "es": "Suiza",
      "ca": "Suïssa",
      "de": "Schweiz",
      "cn": "瑞士",
      "pt": "Suíça",
      "it": "Svizzera",
      "tr": "İsviçre",
      "nl": "Zwitserland",
      "el": "Ελβετία"
    },
    "capital": "Bern",
    "area": 41284,
    "currency": "CHF"
  },
  {
    "name": {
      "en": "Tajikistan",
      "fr": "Tadjikistan",
      "es": "Tayikistán",
      "ca": "Tadjikistan",
      "de": "Tadschikistan",
      "cn": "塔吉克斯坦",
      "pt": "Tajiquistão",
      "it": "Tagikistan",
      "tr": "Tacikistan",
      "nl": "Tadjikistan",
      "el": "Τατζικιστάν"
    },
    "capital": "Dushanbe",
    "area": 143100,
    "currency": "TJS"
  },
  {
    "name": {
      "en": "Thailand",
      "fr": "Thaïlande",
      "es": "Tailandia",
      "ca": "Tailàndia",
      "de": "Thailand",
      "cn": "泰國",
      "pt": "Tailândia",
      "it": "Thailandia",
      "tr": "Tayland",
      "nl": "Thailand",
      "el": "Ταυλάνδη"
    },
    "capital": "Bangkok",
    "area": 513120,
    "currency": "THB"
  },
  {
    "name": {
      "en": "Timor-Leste",
      "fr": "Timor oriental",
      "es": "Timor Oriental",
      "ca": "Timor Oriental",
      "de": "Osttimor",
      "cn": "东帝汶",
      "pt": "Timor-Leste",
      "it": "Timor Est",
      "tr": "Timor-Leste",
      "nl": "Timor oost",
      "el": "Ανατολικό Τιμόρ"
    },
    "capital": "Dili",
    "area": 14874,
    "currency": "USD"
  },
  {
    "name": {
      "en": "Togo",
      "fr": "Togo",
      "es": "Togo",
      "ca": "Togo",
      "de": "Togo",
      "cn": "多哥",
      "pt": "Togo",
      "it": "Togo",
      "tr": "Togo",
      "nl": "Togo",
      "el": "Τόγκο"
    },
    "capital": "Lomé",
    "area": 56785,
    "currency": "XOF"
  },
  {
    "name": {
      "en": "Tokelau",
      "fr": "Tokelau",
      "es": "Tokelau",
      "ca": "Tokelau",
      "cn": "托克勞",
      "pt": "Toquelau",
      "it": "Tokelau",
      "tr": "Tokelau",
      "nl": "Tokelau",
      "el": "Τοκελάου"
    },
    "capital": "Fakaofo",
    "area": 12,
    "currency": "NZD"
  },
  {
    "name": {
      "en": "Tonga",
      "fr": "Tonga",
      "es": "Tonga",
      "ca": "Tonga",
      "de": "Tonga",
      "cn": "汤加",
      "pt": "Tonga",
      "it": "Tonga",
      "tr": "Tonga",
      "nl": "Tonga",
      "el": "Τόνγκα"
    },
    "capital": "Nuku'alofa",
    "area": 747,
    "currency": "TOP"
  },
  {
    "name": {
      "en": "Trinidad and Tobago",
      "fr": "Trinité-et-Tobago",
      "es": "Trinidad y Tobago",
      "ca": "Trinitat i Tobago",
      "de": "Trinidad und Tobago",
      "cn": "千里達及托巴哥",
      "pt": "Trinidad e Tobago",
      "it": "Trinidad e Tobago",
      "tr": "Trinidad ve Tobago",
      "nl": "Trinidad en Tobago",
      "el": "Τρινιντάντ και Τομπάγκο"
    },
    "capital": "Port of Spain",
    "area": 5130,
    "currency": "TTD"
  },
  {
    "name": {
      "en": "Tunisia",
      "fr": "Tunisie",
      "es": "Túnez",
      "ca": "Tunísia",
      "de": "Tunesien",
      "cn": "突尼西亞",
      "pt": "Tunísia",
      "it": "Tunisia",
      "tr": "Tunus",
      "nl": "Tunesië",
      "el": "Τυνησία"
    },
    "capital": "Tunis",
    "area": 163610,
    "currency": "TND"
  },
  {
    "name": {
      "en": "Turkey",
      "fr": "Turquie",
      "es": "Turquía",
      "ca": "Turquia",
      "de": "Türkei",
      "cn": "土耳其",
      "pt": "Turquia",
      "it": "Turchia",
      "tr": "Türkiye",
      "nl": "Turkije",
      "el": "Τουρκία"
    },
    "capital": "Ankara",
    "area": 783562,
    "currency": "TRY"
  },
  {
    "name": {
      "en": "Turkmenistan",
      "fr": "Turkménistan",
      "es": "Turkmenistán",
      "ca": "Turkmenistan",
      "de": "Turkmenistan",
      "cn": "土库曼斯坦",
      "pt": "Turquemenistão",
      "it": "Turkmenistan",
      "tr": "Türkmenistan",
      "nl": "Turkmenistan",
      "el": "Τουρκμενιστάν"
    },
    "capital": "Ashgabat",
    "area": 488100,
    "currency": "TMT"
  },
  {
    "name": {
      "en": "Turks and Caicos Islands",
      "fr": "Îles Turques-et-Caïques",
      "es": "Islas Turcas y Caicos",
      "ca": "Illes Turks i Caicos",
      "cn": "特克斯和凯科斯群岛",
      "pt": "Turks e Caicos",
      "it": "Turks e Caicos",
      "tr": "Turks ve Caicos Adaları",
      "nl": "Turks en Caicos eilanden",
      "el": "Νήσοι Τουρκ και Κάικος"
    },
    "capital": "Cockburn Town",
    "area": 948,
    "currency": "USD"
  },
  {
    "name": {
      "en": "Tuvalu",
      "fr": "Tuvalu",
      "es": "Tuvalu",
      "ca": "Tuvalu",
      "de": "Tuvalu",
      "cn": "图瓦卢",
      "pt": "Tuvalu",
      "it": "Tuvalu",
      "tr": "Tuvalu",
      "nl": "Tuvalu",
      "el": "Τουβαλού"
    },
    "capital": "Funafuti",
    "area": 26,
    "currency": "AUD"
  },
  {
    "name": {
      "en": "Uganda",
      "fr": "Ouganda",
      "es": "Uganda",
      "ca": "Uganda",
      "de": "Uganda",
      "cn": "乌干达",
      "pt": "Uganda",
      "it": "Uganda",
      "tr": "Uganda",
      "nl": "Uganda",
      "el": "Ουγκάντα"
    },
    "capital": "Kampala",
    "area": 241550,
    "currency": "UGX"
  },
  {
    "name": {
      "en": "Ukraine",
      "fr": "Ukraine",
      "es": "Ucrania",
      "ca": "Ucraïna",
      "de": "Ukraine",
      "cn": "烏克蘭",
      "pt": "Ucrânia",
      "it": "Ucraina",
      "tr": "Ukrayna",
      "nl": "Oekraïne",
      "el": "Ουκρανία"
    },
    "capital": "Kyiv",
    "area": 603500,
    "currency": "UAH"
  },
  {
    "name": {
      "en": "United Arab Emirates",
      "fr": "Émirats arabes unis",
      "es": "Emiratos Árabes Unidos",
      "ca": "Emirats Àrabs Units",
      "de": "Vereinigte Arabische Emirate",
      "cn": "阿联酋",
      "pt": "Emirados Árabes Unidos",
      "it": "Emirati Arabi Uniti",
      "tr": "Birleşik Arap Emirlikleri",
      "nl": "Verenigde Arabische Emiraten",
      "el": "Ηνωμένα Αραβικά Εμιράτα"
    },
    "capital": "Abu Dhabi",
    "area": 83600,
    "currency": "AED"
  },
  {
    "name": {
      "en": "United States",
      "fr": "États Unis",
      "es": "Estados Unidos",
      "ca": "Estats Units",
      "de": "Vereinigte Staaten",
      "cn": "美国",
      "pt": "Estados Unidos",
      "it": "Stati Uniti",
      "tr": "Amerika Birleşik Devletleri",
      "nl": "Verenigde Staten",
      "el": "Ηνωμένες Πολιτείες"
    },
    "capital": "Washington DC",
    "area": 9834000,
    "currency": "USD"
  },
  {
    "name": {
      "en": "Uruguay",
      "fr": "Uruguay",
      "es": "Uruguay",
      "ca": "Uruguai",
      "de": "Uruguay",
      "cn": "乌拉圭",
      "pt": "Uruguai",
      "it": "Uruguay",
      "tr": "Uruguay",
      "nl": "Uruguay",
      "el": "Ουρουγουάη"
    },
    "capital": "Montevideo",
    "area": 181034,
    "currency": "UYU"
  },
  {
    "name": {
      "en": "Uzbekistan",
      "fr": "Ouzbékistan",
      "es": "Uzbekistán",
      "ca": "Uzbekistan",
      "de": "Usbekistan",
      "cn": "乌兹别克斯坦",
      "pt": "Uzbequistão",
      "it": "Uzbekistan",
      "tr": "Özbekistan",
      "nl": "Oezbekistan",
      "el": "Ουζμπεκιστάν"
    },
    "capital": "Tashkent",
    "area": 447400,
    "currency": "UZS"
  },
  {
    "name": {
      "en": "Vanuatu",
      "fr": "Vanuatu",
      "es": "Vanuatu",
      "ca": "Vanuatu",
      "de": "Vanuatu",
      "cn": "瓦努阿圖",
      "pt": "Vanuatu",
      "it": "Vanuatu",
      "tr": "Vanuatu",
      "nl": "Vanuatu",
      "el": "Βανουάτου"
    },
    "capital": "Port Vila",
    "area": 12189,
    "currency": "VUV"
  },
  {
    "name": {
      "en": "Wallis and Futuna",
      "fr": "Wallis et Futuna",
      "es": "Wallis y Futuna",
      "ca": "Wallis i Futuna",
      "cn": "瓦利斯和富圖納",
      "pt": "Wallis e Futuna",
      "it": "Wallis e Futuna",
      "tr": "Wallis ve Futuna",
      "nl": "Wallis en Futuna",
      "el": "Ουώλλις και Φουτούνα"
    },
    "capital": "Mata Utu",
    "area": 142,
    "currency": "XPF"
  },
  {
    "name": {
      "en": "Western Sahara",
      "fr": "République arabe sahraouie démocratique",
      "es": "República Árabe Saharaui Democrática",
      "ca": "Sàhara Occidental",
      "cn": "阿拉伯撒哈拉民主共和国",
      "pt": "Saara Ocidental",
      "it": "Sahara Occidentale",
      "tr": "Batı Sahra",
      "nl": "Westerse Sahara",
      "el": "Δυτική Σαχάρα"
    },
    "capital": "El Aaiún",
    "area": 266000,
    "currency": "MAD"
  },
  {
    "name": {
      "en": "Yemen",
      "fr": "Yémen",
      "es": "Yemen",
      "ca": "Iemen",
      "de": "Jemen",
      "cn": "葉門",
      "pt": "Iêmen",
      "it": "Yemen",
      "tr": "Yemen",
      "nl": "Jemen",
      "el": "Υεμένη"
    },
    "capital": "Sana'a",
    "area": 527968,
    "currency": "YER"
  },
  {
    "name": {
      "en": "Zambia",
      "fr": "Zambie",
      "es": "Zambia",
      "ca": "Zàmbia",
      "de": "Sambia",
      "cn": "尚比亞",
      "pt": "Zâmbia",
      "it": "Zambia",
      "tr": "Zambiya",
      "nl": "Zambië",
      "el": "Ζάμπια"
    },
    "capital": "Lusaka",
    "area": 752612,
    "currency": "ZMW"
  },
  {
    "name": {
      "en": "Zimbabwe",
      "fr": "Zimbabwe",
      "es": "Zimbabue",
      "ca": "Zimbàbue",
      "de": "Simbabwe",
      "cn": "辛巴威",
      "pt": "Zimbabwe",
      "it": "Zimbabwe",
      "tr": "Zimbabve",
      "nl": "Zimbabwe",
      "el": "Ζιμπάμπουε"
    },
    "capital": "Harare",
    "area": 390757,
    "currency": "ZWL"
  }
]
